,Name,Ave. generalization error,std
0,AIDS,0.009312480688095093,0.008642454631626606
1,ENZYMES,0.03458333760499954,0.052339185029268265
2,Cuneiform,0.23921287059783936,0.09868944436311722
