,Name,Ave. degree,Ave. shortest path,Graph diameter,Graph density,Graph clustering coefficient,Ave. closeness centrality,Ave. betweenness centrality,Ave. eigenvector centrality,1-WL color count
0,DD,4.979061666490266,7.919898418826995,19.70016611295681,0.02783229620719255,0.4793770769559906,0.14020746942271414,0.0324963430907113,0.034244766102808764,278.28013582342953
1,ENZYMES,3.862625308732192,4.2810541955964485,10.4265625,0.15988781251795436,0.45339128626900965,0.26357344896409207,0.1158938852730127,0.14714477028727935,28.575
2,KKI,3.1856769969664422,3.500870554422239,8.144578313253012,0.1792960793494088,0.35264366736775893,0.3358793648012939,0.12977997578960693,0.17570343140399086,24.819277108433734
3,OHSU,4.327667933476122,4.921680537597515,12.69620253164557,0.08229444672008597,0.38082953570808054,0.24070280723449378,0.0655860979728088,0.08239694457586516,77.51898734177215
4,Peking_1,3.5514470044304343,3.968106920104182,9.623529411764705,0.12761510765649664,0.3673053988324483,0.28890942287560933,0.09983857445185944,0.12847481456928275,36.72941176470588
5,PROTEINS,3.7346421664401634,4.602185787956082,11.297071129707113,0.2121756091042708,0.5141966922501331,0.3022857727840693,0.118375456251276,0.16950576436324086,34.46900269541779
6,PROTEINS_full,3.7346421664401634,4.602185787956082,11.297071129707113,0.2121756091042708,0.5141966922501331,0.3022857727840693,0.118375456251276,0.16950576436324086,34.46900269541779
