,Name,Ave. degree,Ave. shortest path,Graph diameter,Graph density,Graph clustering coefficient,Ave. closeness centrality,Ave. betweenness centrality,Ave. eigenvector centrality,1-WL color count
0,COLLAB,37.369600155162814,1.491072820205999,1.864,0.5089271797940009,0.8907720079424435,0.7132900464267146,0.009360327919158622,0.11817490971116482,32.3546
1,deezer_ego_nets,4.292454362398417,1.7735916686750324,2.0,0.22640833132496788,0.510016831153188,0.5794821925358442,0.049149828470192426,0.2034255029503591,15.331706303873714
2,IMDB-BINARY,8.885904497146607,1.4793820761034768,1.861,0.5206179238965234,0.9470755285248145,0.707881601796395,0.02993744273239371,0.22341981887426202,4.864
3,IMDB-MULTI,8.1011748752594,1.227511067216,1.474,0.7724889327840001,0.9691436936400354,0.8555365439100843,0.01900817917331578,0.29731584029136493,2.592
4,REDDIT-BINARY,2.337928675472736,2.117385802832866,4.836941128869108,0.02180501587783714,0.04762742557491998,0.308245458461975,0.018609913190542893,0.05307723924388391,169.596
