,Name,Ave. degree,Ave. shortest path,Graph diameter,Graph density,Graph clustering coefficient,Ave. closeness centrality,Ave. betweenness centrality,Ave. eigenvector centrality,1-WL color count
0,COLORS-3,2.928853359699249,2.5810313856214724,5.275766205587198,0.16958812115113395,0.1450387037596311,0.35027614409555424,0.06390437080840292,0.17370801195712424,56.95904761904762
1,SYNTHETIC,3.9200000762939453,3.5064646464646465,7.0,0.039595959595959594,0.02030952380952381,0.2893391429701345,0.025576169861884147,0.08315478300800522,100.0
2,SYNTHETICnew,3.9250000715255737,3.4872567329242026,7.274834437086093,0.039646464646464645,0.022949708994708995,0.28944172600990103,0.02554277468563183,0.08362732641553554,99.96333333333334
3,Synthie,3.6210444450378416,2.6348743925562266,5.494845360824742,0.038420429009193055,0.09370362017781458,0.2766177855177352,0.023192236918601283,0.07866325597234124,90.6125
4,TRIANGLES,3.1404920884927114,2.263375484124684,4.557498816896771,0.24161351353248994,0.22863520113357927,0.43740258903395346,0.08212164967368499,0.22618037671321706,19.88371111111111
