,Name,Ave. degree,Ave. shortest path,Graph diameter,Graph density,Graph clustering coefficient,Ave. closeness centrality,Ave. betweenness centrality,Ave. eigenvector centrality,1-WL color count
0,COLLAB,37.369600155162814,1.491072820205999,1.864,0.5089271797940009,0.8907720079424435,0.7132900464267146,0.009360327919158622,0.11817490971116482,32.3546
1,deezer_ego_nets,4.292454362398417,1.7735916686750324,2.0,0.22640833132496788,0.510016831153188,0.5794821925358442,0.049149828470192426,0.2034255029503591,15.331706303873714
2,IMDB-BINARY,8.885904497146607,1.4793820761034768,1.861,0.5206179238965234,0.9470755285248145,0.707881601796395,0.02993744273239371,0.22341981887426202,4.864
3,IMDB-MULTI,8.1011748752594,1.227511067216,1.474,0.7724889327840001,0.9691436936400354,0.8555365439100843,0.01900817917331578,0.29731584029136493,2.592
4,REDDIT-BINARY,2.337928675472736,2.117385802832866,4.836941128869108,0.02180501587783714,0.04762742557491998,0.308245458461975,0.018609913190542893,0.05307723924388391,169.596
5,REDDIT-MULTI-5K,2.250078720959646,1.9575604498610868,4.368364264134657,0.008790413708501785,0.026635190308380543,0.2653229406401962,0.010274268504515863,0.03272107586585869,234.5125025005001
6,REDDIT-MULTI-12K,2.2770710842578827,2.15259168259821,4.9055294715751065,0.017925344640270322,0.03309294752656873,0.2770517469693424,0.01818808742545487,0.046987608289290286,181.97602481347977
7,reddit_threads,2.014716301104269,2.427850286092376,4.578064681320413,0.11713497356095881,0.04672737405737815,0.44962570315280387,0.08064544811176252,0.189721302310776,10.693684511147877
8,twitch_egos,5.396835048911513,1.797827938159223,2.0,0.20217206184077688,0.5493906209801118,0.56856039097206,0.0336039523533938,0.1662161456006354,20.628251530363354
9,TWITTER-Real-Graph-Partial,2.1031346147042336,1.230422123868879,1.6710060538527916,0.7638420188679503,0.4247304171853977,0.8398787118892203,0.10709328355909346,0.5223250469708625,2.214700797733853
