,Name,Ave. degree,Ave. shortest path,Graph diameter,Graph density,Graph clustering coefficient,Ave. closeness centrality,Ave. betweenness centrality,Ave. eigenvector centrality,1-WL color count
0,REDDIT-MULTI-5K,2.250078720959646,1.9575604498610868,4.368364264134657,0.008790413708501785,0.026635190308380543,0.2653229406401962,0.010274268504515863,0.03272107586585869,234.5125025005001
1,REDDIT-MULTI-12K,2.2770710842578827,2.15259168259821,4.9055294715751065,0.017925344640270322,0.03309294752656873,0.2770517469693424,0.01818808742545487,0.046987608289290286,181.97602481347977
2,reddit_threads,2.014716301104269,2.427850286092376,4.578064681320413,0.11713497356095881,0.04672737405737815,0.44962570315280387,0.08064544811176252,0.189721302310776,10.693684511147877
3,twitch_egos,5.396835048911513,1.797827938159223,2.0,0.20217206184077688,0.5493906209801118,0.56856039097206,0.0336039523533938,0.1662161456006354,20.628251530363354
4,TWITTER-Real-Graph-Partial,2.1031346147042336,1.230422123868879,1.6710060538527916,0.7638420188679503,0.4247304171853977,0.8398787118892203,0.10709328355909346,0.5223250469708625,2.214700797733853
