,Name,Ave. degree,Ave. shortest path
0,AIDS,2.0128653862178325,3.286430768474786
1,ENZYMES,3.862625308732192,4.446107754162452
2,Cuneiform,4.079588014981273,2.2444271032888437
