name,best_val_loss,best_acc
DD,0.1773043482578231,0.7584745762711864
ENZYMES,1.5736117204030355,0.325
KKI,0.6557072726162997,0.5294117647058824
OHSU,7.56884332986374e-09,0.625
Peking_1,0.0,0.47058823529411764
PROTEINS,0.5230303827296482,0.7354260089686099
PROTEINS_full,0.45549634273132583,0.7488789237668162
